Label,# Samples,Average,Median,90% Line,95% Line,99% Line,Min,Max,Error %,Throughput,Received KB/sec,Sent KB/sec
Login,58,548,251,409,486,1216,245,14717,0.000%,.32862,0.12,0.08
QueryFlight,288,353,252,412,736,2403,226,4918,0.347%,1.63043,0.78,0.66
List Bookings,57,296,249,374,414,1193,244,1194,0.000%,.32770,0.08,0.07
logout,57,277,249,363,390,715,242,719,0.000%,.32770,0.09,0.07
View Profile Information,14,317,249,414,414,758,245,758,0.000%,.08469,0.04,0.02
Update Customer,14,400,252,744,744,1676,245,1676,0.000%,.08469,0.05,0.06
TOTAL,488,361,251,410,719,2120,226,14717,0.205%,2.75361,1.14,0.95
