Label,# Samples,Average,Min,Max,Std. Dev.,Error %,Throughput,Received KB/sec,Sent KB/sec,Avg. Bytes
Login,58,315,241,1148,197.55,0.000%,.37852,0.14,0.10,373.0
QueryFlight,287,316,240,2224,209.52,0.348%,1.86156,0.89,0.75,487.4
List Bookings,57,344,241,2941,418.23,0.000%,.38180,0.09,0.08,243.0
logout,57,311,240,1719,213.07,0.000%,.37812,0.10,0.08,276.9
View Profile Information,14,256,242,330,21.73,0.000%,.10295,0.05,0.02,524.6
Update Customer,14,279,243,422,59.86,0.000%,.10296,0.06,0.07,554.6
TOTAL,487,316,240,2941,238.03,0.205%,3.14610,1.30,1.08,423.5
