Label,# Samples,Average,Min,Max,Std. Dev.,Error %,Throughput,Received KB/sec,Sent KB/sec,Avg. Bytes
Login,209,280,240,613,55.31,0.000%,.42342,0.15,0.11,373.0
QueryFlight,1042,277,239,851,53.64,0.096%,2.10827,0.99,0.86,482.0
List Bookings,208,286,240,2450,159.61,0.000%,.42341,0.10,0.09,243.0
logout,208,271,239,511,34.65,0.000%,.42341,0.11,0.09,276.9
View Profile Information,52,276,241,571,50.34,0.000%,.10740,0.06,0.02,524.4
Update Customer,52,275,242,488,42.04,0.000%,.10740,0.06,0.07,554.5
TOTAL,1771,278,239,2450,72.99,0.056%,3.57943,1.47,1.23,420.3
