Label,# Samples,Average,Min,Max,Std. Dev.,Error %,Throughput,Received KB/sec,Sent KB/sec,Avg. Bytes
Login,209,252,238,554,40.44,0.000%,.47037,0.17,0.12,373.0
QueryFlight,1043,249,83,2136,63.25,0.096%,2.34731,1.10,0.95,482.0
List Bookings,208,251,238,575,40.28,0.000%,.47057,0.11,0.10,243.0
logout,208,244,237,279,4.67,0.000%,.47059,0.13,0.10,276.9
View Profile Information,52,247,240,407,22.71,0.000%,.11936,0.06,0.02,524.4
Update Customer,52,249,240,485,33.12,0.000%,.11936,0.06,0.08,554.5
TOTAL,1772,249,83,2136,52.84,0.056%,3.98286,1.64,1.37,420.4
