Label,# Samples,Average,Median,90% Line,95% Line,99% Line,Min,Max,Error %,Throughput,Received KB/sec,Sent KB/sec
Login,58,315,250,329,722,1061,241,1148,0.000%,.37852,0.14,0.10
QueryFlight,287,316,253,410,712,1135,240,2224,0.348%,1.86156,0.89,0.75
List Bookings,57,344,249,408,498,1989,241,2941,0.000%,.38180,0.09,0.08
logout,57,311,248,403,515,809,240,1719,0.000%,.37812,0.10,0.08
View Profile Information,14,256,249,270,270,330,242,330,0.000%,.10295,0.05,0.02
Update Customer,14,279,251,410,410,422,243,422,0.000%,.10296,0.06,0.07
TOTAL,487,316,251,410,701,1278,240,2941,0.205%,3.14610,1.30,1.08
