Label,# Samples,Average,Min,Max,Std. Dev.,Error %,Throughput,Received KB/sec,Sent KB/sec,Avg. Bytes
Login,58,548,245,14717,1881.91,0.000%,.32862,0.12,0.08,373.0
QueryFlight,288,353,226,4918,468.94,0.347%,1.63043,0.78,0.66,487.4
List Bookings,57,296,244,1194,176.54,0.000%,.32770,0.08,0.07,243.0
logout,57,277,242,719,92.91,0.000%,.32770,0.09,0.07,276.9
View Profile Information,14,317,245,758,137.53,0.000%,.08469,0.04,0.02,524.5
Update Customer,14,400,245,1676,377.01,0.000%,.08469,0.05,0.06,554.5
TOTAL,488,361,226,14717,752.05,0.205%,2.75361,1.14,0.95,423.6
